<?xml version="1.0" encoding="UTF-8"?>
<!DOCTYPE nmaprun>
<?xml-stylesheet href="file:///C:/Program Files (x86)/Nmap/nmap.xsl" type="text/xsl"?>
<!-- Nmap 7.98 scan initiated Wed Oct 22 22:06:38 2025 as: &quot;C:\\Program Files (x86)\\Nmap\\nmap.exe&quot; -sV -sC -&#45;script vuln -p 80,443,22,21,23,25,53,110,135,139,143,993,995 -T4 -&#45;open -oX scan_results_192.168.21.129_20251022_220638\\nmap_scan.xml -oN scan_results_192.168.21.129_20251022_220638\\nmap_scan.txt 192.168.21.129 -->
<nmaprun scanner="nmap" args="&quot;C:\\Program Files (x86)\\Nmap\\nmap.exe&quot; -sV -sC -&#45;script vuln -p 80,443,22,21,23,25,53,110,135,139,143,993,995 -T4 -&#45;open -oX scan_results_192.168.21.129_20251022_220638\\nmap_scan.xml -oN scan_results_192.168.21.129_20251022_220638\\nmap_scan.txt 192.168.21.129" start="1761195998" startstr="Wed Oct 22 22:06:38 2025" version="7.98" xmloutputversion="1.05">
<scaninfo type="syn" protocol="tcp" numservices="13" services="21-23,25,53,80,110,135,139,143,443,993,995"/>
<verbose level="0"/>
<debugging level="0"/>
<hosthint><status state="up" reason="arp-response" reason_ttl="0"/>
<address addr="192.168.21.129" addrtype="ipv4"/>
<address addr="00:0C:29:F8:4E:35" addrtype="mac" vendor="VMware"/>
<hostnames>
</hostnames>
</hosthint>
<runstats><finished time="1761196016" timestr="Wed Oct 22 22:06:56 2025" summary="Nmap done at Wed Oct 22 22:06:56 2025; 1 IP address (1 host up) scanned in 17.98 seconds" elapsed="17.98" exit="success"/><hosts up="1" down="0" total="1"/>
</runstats>
</nmaprun>
